{"cameraMode":{"drawMode":0,"name":"Shaded","section":"Shading Mode"},"sceneLighting":true,"audioPlay":false,"sceneViewState":{"showFog":true,"showMaterialUpdate":true,"showSkybox":true,"showFlares":true,"showImageEffects":true,"showParticleSystems":true},"in2DMode":false,"pivot":{"x":201.97634887695313,"y":278.1014709472656,"z":5.698040962219238},"rotation":{"x":0.025798460468649865,"y":-0.025493765249848367,"z":0.0006580580375157297,"w":0.9993435740470886},"size":5.066025733947754,"orthographic":false}