{"cameraMode":{"drawMode":0,"name":"Shaded","section":"Shading Mode"},"sceneLighting":true,"audioPlay":false,"sceneViewState":{"showFog":true,"showMaterialUpdate":true,"showSkybox":true,"showFlares":true,"showImageEffects":true,"showParticleSystems":true},"in2DMode":false,"pivot":{"x":202.14602661132813,"y":279.2964782714844,"z":5.81146240234375},"rotation":{"x":0.025798460468649865,"y":-0.025493765249848367,"z":0.0006580580375157297,"w":0.9993435740470886},"size":4.166025161743164,"orthographic":false}